{
    "swagger": "2.0",
    "info": {
        "version": "v3",
        "title": "PackageTypeByQuantity Api",
        "description": "PackageTypeByQuantity searches DigiKey products and tries to find the best package types to purchase given the Quantity and Package Preference.",
        "termsOfService": "https://www.digikey.com/en/terms-and-conditions",
		"domain":"external-api",
        "contact": {
			"name":"b2b",
            "url": "https://api-portal.digikey.com/help",
            "email": "api.support@digikey.com"
        }
    },
	"host":"mocktarget.apigee.net",
	"basePath":"/services/pkgtypebyqty/v3",
	"schemes":['https'],
    "paths": {
        "/services/pkgtypebyqty/v3/search": {
            "post": {
                "tags": [
                    "PkgTypeByQty"
                ],
                "summary": "Given a part number and quantity returns pricing, quantity available, and other part related information. This API will provide the best packaging type for your quantity. \r\nFor example, given a requested quantity larger than a standard reel, this will return information about the tape and reel and then either cut tape or DKR depending on preference.\r\nMade for Cut Tape, Tape and Reel, and Digi Reel products only. Other packaging types can be searched for, but results may vary.\r\nLocale information is required in the headers for accurate pricing and currencies. Locale defaults to United States.",
                "operationId": "PkgTypeByQtySearchAsync",
                "consumes": [
                    "application/json"
                ],
                "produces": [
                    "application/json"
                ],
                "parameters": [
                    {
                        "name": "request",
                        "in": "body",
                        "description": "A PkgTypeByQtyRequest",
                        "required": false,
                        "schema": {
                            "$ref": "#/definitions/PkgTypeByQtyRequest"
                        }
                    },
                    {
                        "name": "Authorization",
                        "in": "header",
                        "description": "Put OAuth Bearer Token here. Please see<a href= \"https://api-portal.digikey.com/app_overview\" target= \"_blank\" > OAuth 2.0 Documentation </a > page for more info.",
                        "required": true,
                        "type": "string"
                    },
                    {
                        "name": "X-DIGIKEY-Locale-Site",
                        "in": "header",
                        "description": "Two letter code for Digi-Key product website to search on. Different countries sites have different part restrictions, supported languages, and currencies. Acceptable values include: US, CA, JP, UK, DE, AT, BE, DK, FI, GR, IE, IT, LU, NL, NO, PT, ES, KR, HK, SG, CN, TW, AU, FR, IN, NZ, SE, MX, CH, IL, PL, SK, SI, LV, LT, EE, CZ, HU, BG, MY, ZA, RO.",
                        "required": false,
                        "type": "string"
                    },
                    {
                        "name": "X-DIGIKEY-Locale-Language",
                        "in": "header",
                        "description": "Two letter code for language to search on. Langauge must be supported by the selected site. If searching on keyword, this language is used to find matches. Acceptable values include: en, ja, de, fr, ko, zhs, zht, it, es, he.",
                        "required": false,
                        "type": "string"
                    },
                    {
                        "name": "X-DIGIKEY-Locale-Currency",
                        "in": "header",
                        "description": "Three letter code for Currency to return part pricing for. Currency must be supported by the selected site. Acceptable values include: USD, CAD, JPY, GBP, EUR, HKD, SGD, TWD, KRW, AUD, NZD, INR, DKK, NOK, SEK, ILS, CNY, PLN, CHF, CZK, HUF, RON, ZAR, MYR.",
                        "required": false,
                        "type": "string"
                    },
                    {
                        "name": "X-DIGIKEY-Locale-ShipToCountry",
                        "in": "header",
                        "description": "ISO code for country to ship to.",
                        "required": false,
                        "type": "string"
                    },
                    {
                        "name": "X-DIGIKEY-Customer-Id",
                        "in": "header",
                        "description": "Your Digi-Key Customer id",
                        "required": false,
                        "type": "string"
                    }
                ],
                "responses": {
                    "200": {
                        "description": "Success",
                        "schema": {
                            "$ref": "#/definitions/PkgTypeByQtyResponse"
                        }
                    },
                    "400": {
                        "description": "Bad Request - The input model is invalid or malformed",
                        "schema": {
                            "$ref": "#/definitions/ApiErrorResponse"
                        }
                    },
                    "401": {
                        "description": "Unauthorized - Token is expired or client Id or subscription are invalid",
                        "schema": {
                            "$ref": "#/definitions/ApiErrorResponse"
                        }
                    },
                    "403": {
                        "description": "Forbidden - The request is denied due to part restrictions",
                        "schema": {
                            "$ref": "#/definitions/ApiErrorResponse"
                        }
                    },
                    "404": {
                        "description": "Not Found - The product was not found",
                        "schema": {
                            "$ref": "#/definitions/ApiErrorResponse"
                        }
                    },
                    "429": {
                        "description": "Too Many Requests - Your rate limit has been exceeded",
                        "schema": {
                            "$ref": "#/definitions/ApiErrorResponse"
                        }
                    },
                    "503": {
                        "description": "Service Unavailable - The service is temporarily unavailable",
                        "schema": {
                            "$ref": "#/definitions/ApiErrorResponse"
                        }
                    }
                }
            }
        }
    },
    "definitions": {
        "PkgTypeByQtyRequest": {
            "description": "Request parameters for PkgTypeByQty",
            "required": [
                "PartNumber",
                "RequestedQuantity"
            ],
            "type": "object",
            "properties": {
                "PartNumber": {
                    "description": "A part number. Can be either Digi-Key or Manufacturer, but some manufacturer part numbers are ambiguous and will not be found. A DKR part number will override a CT packagingPreference.",
                    "type": "string",
                    "example": "P5555-ND"
                },
                "RequestedQuantity": {
                    "format": "int32",
                    "description": "The quantity of the product that you are interested in. This will be used to determined the quantity to purchase in standard tape and reel, and also in your part preference for the remainder.",
                    "maximum": 2147483647,
                    "minimum": 1,
                    "type": "integer",
                    "example": "500"
                },
                "PackagingPreference": {
                    "description": "Can be either \"CT\" for Cut Tape or \"DKR\" for Digi-Reel. This will select what package type to use for the remainder of quantity outside of a standard reel.",
                    "type": "string",
                    "example": "CT"
                }
            }
        },
        "PkgTypeByQtyResponse": {
            "description": "Response from a PkgTypeByQty Search Service request",
            "type": "object",
            "properties": {
                "Products": {
                    "description": "List of products that matched the PkgTypeByQtySearchService request",
                    "uniqueItems": false,
                    "type": "array",
                    "items": {
                        "$ref": "#/definitions/PkgTypeByQtyProduct"
                    }
                }
            }
        },
        "PkgTypeByQtyProduct": {
            "description": "Part information returned by PkgTypeByQty Search Service",
            "type": "object",
            "properties": {
                "RecommendedQuantity": {
                    "format": "int32",
                    "description": "The quantity of this package type that is recommended given the provided quantity.",
                    "type": "integer"
                },
                "DigiKeyPartNumber": {
                    "description": "The Digi-Key part number.",
                    "type": "string"
                },
                "QuantityAvailable": {
                    "format": "int32",
                    "description": "Quantity of the product available for immediate sale.",
                    "type": "integer"
                },
                "ManufacturerPartNumber": {
                    "description": "The manufacturer part number.",
                    "type": "string"
                },
                "Manufacturer": {
                    "$ref": "#/definitions/PidVid",
                    "description": "Name and id of manufacturer. The id can be used to filter your search."
                },
                "ProductDescription": {
                    "description": "Catalog description of the product.",
                    "type": "string"
                },
                "DetailedDescription": {
                    "description": "Extended catalog description of the product.",
                    "type": "string"
                },
                "Packaging": {
                    "$ref": "#/definitions/PidVid",
                    "description": "Type of packaging for the part. Not all parts are available in all packaging types. Possibilities include but are not limited to:\r\nTape and Reel (TR), Cut Tape (CT), Digi-Reel, and Bulk."
                },
                "MinimumOrderQuantity": {
                    "format": "int32",
                    "description": "The minimum quantity to order from Digi-Key.",
                    "type": "integer"
                },
                "NonStock": {
                    "description": "Indicates this product is a non stock product.",
                    "type": "boolean"
                },
                "QuantityOnOrder": {
                    "format": "int32",
                    "description": "Gets or sets the available on order.",
                    "type": "integer"
                },
                "ManufacturerPublicQuantity": {
                    "format": "int32",
                    "description": "Quantity of this component available to order from manufacturer.",
                    "type": "integer"
                },
                "UnitPrice": {
                    "format": "double",
                    "description": "The price for a single unit of this product.",
                    "type": "number"
                },
                "StandardPricing": {
                    "description": "Standard pricing for specified locale.",
                    "uniqueItems": false,
                    "type": "array",
                    "items": {
                        "$ref": "#/definitions/PriceBreak"
                    }
                },
                "MyPricing": {
                    "description": "Your pricing for the account with which you authenticated. Also dependent on locale information.",
                    "uniqueItems": false,
                    "type": "array",
                    "items": {
                        "$ref": "#/definitions/PriceBreak"
                    }
                },
                "AdditionalValueFee": {
                    "format": "double",
                    "description": "Any additional value fee. Most commonly the Digi-Reel fee. May be used for programmable parts as well.",
                    "type": "number"
                },
                "TariffDescription": {
                    "description": "Tariff status of the product. Only applies if purchasing in USD and shipping to the US. Valid options are No Tarrif, Tariff Eligible, and Tariff Applied",
                    "type": "string"
                },
                "PartUrl": {
                    "description": "The URL to view the product on the Digi-Key website for your locale.",
                    "type": "string"
                },
                "DateLastBuyChance": {
                    "format": "date-time",
                    "description": "Last date that the product will be available for purchase. Date is in ISO 8601.",
                    "type": "string"
                },
                "Series": {
                    "$ref": "#/definitions/PidVid",
                    "description": "Series of part"
                },
                "ManufacturerPageUrl": {
                    "description": "The URL to Digi-Key's page on the manufacturer.",
                    "type": "string"
                },
                "Obsolete": {
                    "description": "Indicates whether this Part is obsolete.",
                    "type": "boolean"
                },
                "ManufacturerLeadWeeks": {
                    "description": "The standard time to receive stock from manufacturer.",
                    "type": "string"
                },
                "ProductStatus": {
                    "description": "Status of the product. Options include: Active, Obsolete, Discontinued at Digi-Key, Last Time Buy, Not For New Designs, Preliminary. For obsolete parts the part will become a non-stocking item\r\nwhen stock is depleted; minimums will apply. Order the quantity available or the quantity available plus a multiple\r\nof the minimum order quantity.",
                    "type": "string"
                },
                "StandardPackage": {
                    "format": "int32",
                    "description": "The break quantity of a manufacturer standard package.",
                    "type": "integer"
                },
                "MediaLinks": {
                    "description": "Collection of MediaLinks objects. These can contain links to datasheets, photots or manuals.",
                    "uniqueItems": false,
                    "type": "array",
                    "items": {
                        "$ref": "#/definitions/MediaLinks"
                    }
                },
                "PrimaryDatasheet": {
                    "description": "The URL to the product's datasheet.",
                    "type": "string"
                },
                "PrimaryPhoto": {
                    "description": "The URL to the product's image.",
                    "type": "string"
                },
                "PrimaryVideo": {
                    "description": "The URL to the product's video.",
                    "type": "string"
                },
                "RohsInfo": {
                    "description": "Rohs information. Can be RoHS Compliant, RoHS non-compliant, RoHS Compliant By Exemption, Not Applicable, Manufacturer undefined, or Request Inventory Verification",
                    "type": "string"
                },
                "LeadStatus": {
                    "description": "Lead status. Can be Lead Free, Contains lead, Lead Free By Exemption, Not Applicable, Manufacturer undefined, unknown, or Request Inventory Verification.",
                    "type": "string"
                },
                "Parameters": {
                    "description": "Parameters for the part. Can be used for filtering keyword searches.",
                    "uniqueItems": false,
                    "type": "array",
                    "items": {
                        "$ref": "#/definitions/PidVid"
                    }
                },
                "Kits": {
                    "description": "Kits that this product is contained in.",
                    "uniqueItems": false,
                    "type": "array",
                    "items": {
                        "$ref": "#/definitions/AssociatedProduct"
                    }
                },
                "KitContents": {
                    "description": "Products contained within this product. Only applicable if this product is a kit.",
                    "uniqueItems": false,
                    "type": "array",
                    "items": {
                        "$ref": "#/definitions/KitPart"
                    }
                },
                "MatingProducts": {
                    "description": "An association of same manufacturer products that mate with each other.",
                    "uniqueItems": false,
                    "type": "array",
                    "items": {
                        "$ref": "#/definitions/AssociatedProduct"
                    }
                },
                "AssociatedProducts": {
                    "description": "Products that are directly correlated to complete the intended function of the product. These products may be either same manufacturer or differ.",
                    "uniqueItems": false,
                    "type": "array",
                    "items": {
                        "$ref": "#/definitions/AssociatedProduct"
                    }
                },
                "ForUseWithProducts": {
                    "description": "Products that are directly correlated to complete the intended function of the product. These products may be either same manufacturer or differ.",
                    "uniqueItems": false,
                    "type": "array",
                    "items": {
                        "$ref": "#/definitions/AssociatedProduct"
                    }
                },
                "RohsSubs": {
                    "description": "Rohs substitutions",
                    "uniqueItems": false,
                    "type": "array",
                    "items": {
                        "$ref": "#/definitions/AssociatedProduct"
                    }
                },
                "SuggestedSubs": {
                    "description": "Suggested substitutions for when the product is obsolete.",
                    "uniqueItems": false,
                    "type": "array",
                    "items": {
                        "$ref": "#/definitions/AssociatedProduct"
                    }
                },
                "AlternatePackaging": {
                    "description": "Other packaging types available for this product.",
                    "uniqueItems": false,
                    "type": "array",
                    "items": {
                        "$ref": "#/definitions/BasicProduct"
                    }
                },
                "Footprint": {
                    "description": "Indicates if the product has a Mentor footprint.",
                    "type": "boolean"
                },
                "ReachStatus": {
                    "description": "REACH is a regulation of the European Union. See documentation from the European Chemicals Agency.",
                    "type": "string"
                },
                "ExportControlClassNumber": {
                    "description": "Export control class number. See documentation from the U.S. Department of Commerce.",
                    "type": "string"
                },
                "HTSUSCode": {
                    "description": "Harmonized Tariff Schedule of the United States. See documentation from the U.S. Internation Trade Commission.",
                    "type": "string"
                },
                "LimitedTaxonomy": {
                    "$ref": "#/definitions/LimitedTaxonomy",
                    "description": "Limited taxonomy structure for this part."
                },
                "SearchLocaleUsed": {
                    "$ref": "#/definitions/IsoSearchLocale",
                    "description": "The validated locale that was used for the search. If the provided locale was invalid, this will show the corrections. Currency and Language will be changed if they are not valid options in the provided Site."
                }
            }
        },
        "PidVid": {
            "description": "Combination of a parameter Id and Value Id. Used for filtering search results.",
            "type": "object",
            "properties": {
                "ParameterId": {
                    "format": "int32",
                    "description": "The Id of the parameter.",
                    "type": "integer"
                },
                "ValueId": {
                    "description": "The Id of the value.",
                    "type": "string"
                },
                "Parameter": {
                    "description": "The name of the parameter.",
                    "type": "string"
                },
                "Value": {
                    "description": "The name of the value.",
                    "type": "string"
                }
            }
        },
        "PriceBreak": {
            "description": "PriceBreak of a product. Note that all pricing when keyword searching is cached catalog pricing.",
            "type": "object",
            "properties": {
                "BreakQuantity": {
                    "format": "int32",
                    "description": "The break quantity.",
                    "type": "integer"
                },
                "UnitPrice": {
                    "format": "double",
                    "description": "Price of a single unit of the product at this break.",
                    "type": "number"
                },
                "TotalPrice": {
                    "format": "double",
                    "description": "Price of BreakQuantity units of the product.",
                    "type": "number"
                }
            }
        },
        "MediaLinks": {
            "description": "Media links for a product.",
            "type": "object",
            "properties": {
                "MediaType": {
                    "description": "The type of media.",
                    "type": "string"
                },
                "Title": {
                    "description": "The title of the media.",
                    "type": "string"
                },
                "SmallPhoto": {
                    "description": "URL to a small photo.",
                    "type": "string"
                },
                "Thumbnail": {
                    "description": "URL to the thumbnail image of the media.",
                    "type": "string"
                },
                "Url": {
                    "description": "URL of the media.",
                    "type": "string"
                }
            }
        },
        "AssociatedProduct": {
            "description": "A limited product model used for associated products.",
            "type": "object",
            "properties": {
                "PartUrl": {
                    "description": "Full URL of the Digi-Key catalog page to purchase the part. This is based on your provided Locale values.",
                    "type": "string"
                },
                "DigiKeyPartNumber": {
                    "description": "The Digi-Key part number.",
                    "type": "string"
                },
                "QuantityAvailable": {
                    "format": "int32",
                    "description": "Quantity of the product available for immediate sale.",
                    "type": "integer"
                },
                "ManufacturerPartNumber": {
                    "description": "The manufacturer part number.",
                    "type": "string"
                },
                "Manufacturer": {
                    "$ref": "#/definitions/PidVid",
                    "description": "Name and id of manufacturer. The id can be used to filter your search."
                },
                "ProductDescription": {
                    "description": "Catalog description of the product.",
                    "type": "string"
                },
                "Packaging": {
                    "$ref": "#/definitions/PidVid",
                    "description": "Type of packaging for the part. Not all parts are available in all packaging types. Possibilities include but are not limited to:\r\nTape and Reel (TR), Cut Tape (CT), Digi-Reel, and Bulk."
                },
                "MinimumOrderQuantity": {
                    "format": "int32",
                    "description": "The minimum quantity to order from Digi-Key.",
                    "type": "integer"
                },
                "NonStock": {
                    "description": "Indicates this product is a non stock product.",
                    "type": "boolean"
                },
                "QuantityOnOrder": {
                    "format": "int32",
                    "description": "Gets or sets the available on order.",
                    "type": "integer"
                },
                "ManufacturerPublicQuantity": {
                    "format": "int32",
                    "description": "Quantity of this component available to order from manufacturer.",
                    "type": "integer"
                },
                "UnitPrice": {
                    "format": "double",
                    "description": "The price for a single unit of this product.",
                    "type": "number"
                }
            }
        },
        "KitPart": {
            "description": "Product contained within a Kit.",
            "type": "object",
            "properties": {
                "AssociatedProduct": {
                    "$ref": "#/definitions/AssociatedProduct",
                    "description": "Product in the Kit."
                },
                "Quantity": {
                    "format": "int32",
                    "description": "Number of the product in the Kit.",
                    "type": "integer"
                }
            }
        },
        "BasicProduct": {
            "description": "Basic information about a product.",
            "type": "object",
            "properties": {
                "DigiKeyPartNumber": {
                    "description": "The Digi-Key part number.",
                    "type": "string"
                },
                "QuantityAvailable": {
                    "format": "int32",
                    "description": "Quantity of the product available for immediate sale.",
                    "type": "integer"
                },
                "ManufacturerPartNumber": {
                    "description": "The manufacturer part number.",
                    "type": "string"
                },
                "Manufacturer": {
                    "$ref": "#/definitions/PidVid",
                    "description": "Name and id of manufacturer. The id can be used to filter your search."
                },
                "ProductDescription": {
                    "description": "Catalog description of the product.",
                    "type": "string"
                },
                "Packaging": {
                    "$ref": "#/definitions/PidVid",
                    "description": "Type of packaging for the part. Not all parts are available in all packaging types. Possibilities include but are not limited to:\r\nTape and Reel (TR), Cut Tape (CT), Digi-Reel, and Bulk."
                },
                "MinimumOrderQuantity": {
                    "format": "int32",
                    "description": "The minimum quantity to order from Digi-Key.",
                    "type": "integer"
                },
                "NonStock": {
                    "description": "Indicates this product is a non stock product.",
                    "type": "boolean"
                },
                "QuantityOnOrder": {
                    "format": "int32",
                    "description": "Gets or sets the available on order.",
                    "type": "integer"
                },
                "ManufacturerPublicQuantity": {
                    "format": "int32",
                    "description": "Quantity of this component available to order from manufacturer.",
                    "type": "integer"
                },
                "UnitPrice": {
                    "format": "double",
                    "description": "The price for a single unit of this product.",
                    "type": "number"
                }
            }
        },
        "LimitedTaxonomy": {
            "description": "The taxonomy limited to products in the response.",
            "type": "object",
            "properties": {
                "Children": {
                    "description": "List of taxonomies contained within this taxonomy.",
                    "uniqueItems": false,
                    "type": "array",
                    "items": {
                        "$ref": "#/definitions/LimitedTaxonomy"
                    }
                },
                "ProductCount": {
                    "format": "int32",
                    "description": "The number of products contained within this taxonomy.",
                    "type": "integer"
                },
                "NewProductCount": {
                    "format": "int32",
                    "description": "The number of new products contained within this taxonomy.",
                    "type": "integer"
                },
                "ParameterId": {
                    "format": "int32",
                    "description": "The Id of the parameter.",
                    "type": "integer"
                },
                "ValueId": {
                    "description": "The Id of the value.",
                    "type": "string"
                },
                "Parameter": {
                    "description": "The name of the parameter.",
                    "type": "string"
                },
                "Value": {
                    "description": "The name of the value.",
                    "type": "string"
                }
            }
        },
        "IsoSearchLocale": {
            "description": "The validated locale that was used for the search. If the provided locale was invalid, this will show the corrections.",
            "type": "object",
            "properties": {
                "Site": {
                    "description": "The site used for the API call.",
                    "type": "string"
                },
                "Language": {
                    "description": "The language used for the API call. If the provided language is not valid for the site, it will be set to the site default.",
                    "type": "string"
                },
                "Currency": {
                    "description": "The currency used for the API call. If the provided currency is not valid for the site, it will be set to the site default.",
                    "type": "string"
                },
                "ShipToCountry": {
                    "description": "The destination for shipping the product. This is used for tariffs and regional pricing.",
                    "type": "string"
                }
            }
        },
        "ApiErrorResponse": {
            "type": "object",
            "properties": {
                "ErrorResponseVersion": {
                    "type": "string",
                    "readOnly": true
                },
                "StatusCode": {
                    "format": "int32",
                    "type": "integer"
                },
                "ErrorMessage": {
                    "type": "string"
                },
                "ErrorDetails": {
                    "type": "string"
                },
                "RequestId": {
                    "type": "string"
                },
                "ValidationErrors": {
                    "uniqueItems": false,
                    "type": "array",
                    "items": {
                        "$ref": "#/definitions/ApiValidationError"
                    }
                }
            }
        },
        "ApiValidationError": {
            "type": "object",
            "properties": {
                "Field": {
                    "type": "string",
                    "readOnly": true
                },
                "Message": {
                    "type": "string",
                    "readOnly": true
                }
            }
        }
    }
}