<?xml version="1.0"?>
<!-- default xml file after attaching flow fragments-->
<ProxyEndpoint name="default">
  <Description>PackageTypeByQuantity Api</Description>
  <FaultRules/>
  <DefaultFaultRule>
    #FC-ErrorHandling#
    #AM-SetInternalServerErrorVariables#
    #AM-SetFaultResponse#
    #JS-CaptureErrorContent#
    #JS-CaptureErrorMetrics#
        <AlwaysEnforce>true</AlwaysEnforce>
    </DefaultFaultRule>
  <PreFlow name="PreFlow">
    <Request>
      #FC-GenerateUUID#
      #JS-CaptureRequestContent#
      #FC-Security#
      #AM-AddCustomHeaders#
      #FC-VerifyQuota#
    </Request>
    <Response/>
  </PreFlow>
  <Flows>
    <Flow name="PkgTypeByQtySearchAsync">
      <Condition>(proxy.pathsuffix MatchesPath &quot;/search&quot;) and (request.verb = &quot;POST&quot;)</Condition>
      <Description>Given a part number and quantity returns pricing, quantity available, and other part related information. This API will provide the best packaging type for your quantity. &#xD;
For example, given a requested quantity larger than a standard reel, this will return information about the tape and reel and then either cut tape or DKR depending on preference.&#xD;
Made for Cut Tape, Tape and Reel, and Digi Reel products only. Other packaging types can be searched for, but results may vary.&#xD;
Locale information is required in the headers for accurate pricing and currencies. Locale defaults to United States.</Description>
      <Request/>
      <Response/>
    </Flow>
    <Flow name="CORSPreFlight">
            <Description/>
            <Request/>
            <Response>
            #AM-CORSPreFlight#  
            </Response>
             <Condition>request.verb == &quot;OPTIONS&quot; AND request.header.origin != null AND request.header.Access-Control-Request-Method != null</Condition>
        </Flow>
        <Flow name="UnknownResource">
            <Description/>
            <Request>
            #FC-UnknownResourcePath#
            </Request>
            <Response/>
        </Flow>
  </Flows>
  <PostFlow name="PostFlow">
    <Request/>
    <Response>
    #AM-AddRateLimitHeaders#
    #JS-CaptureSuccessMetrics#
    </Response>
  </PostFlow>
  <PostClientFlow>
        <Request/>
        <Response>
        #LogSuccessResponseToELK#
        #LogErrorResponseToELK#
        </Response>
    </PostClientFlow>
  <HTTPProxyConnection>
    <BasePath>/PkgTypeByQty</BasePath>
    <VirtualHost>secure</VirtualHost>
  </HTTPProxyConnection>
  <RouteRule name="default">
    <TargetEndpoint>default</TargetEndpoint>
  </RouteRule>
</ProxyEndpoint>